,0,1,2,3
0,2021,1,1,1
1,2021,1,1,2
2,2021,1,1,3
3,2021,1,1,4
4,2021,1,1,5
5,2021,1,1,6
6,2021,1,1,7
7,2021,1,1,8
8,2021,1,1,9
9,2021,1,1,10
10,2021,1,1,11
11,2021,1,1,12
12,2021,1,1,13
13,2021,1,1,14
14,2021,1,1,15
15,2021,1,1,16
16,2021,1,1,17
17,2021,1,1,18
18,2021,1,1,19
19,2021,1,1,20
20,2021,1,1,21
21,2021,1,1,22
22,2021,1,1,23
23,2021,1,1,24
24,2021,1,2,1
25,2021,1,2,2
26,2021,1,2,3
27,2021,1,2,4
28,2021,1,2,5
29,2021,1,2,6
30,2021,1,2,7
31,2021,1,2,8
32,2021,1,2,9
33,2021,1,2,10
34,2021,1,2,11
35,2021,1,2,12
36,2021,1,2,13
37,2021,1,2,14
38,2021,1,2,15
39,2021,1,2,16
40,2021,1,2,17
41,2021,1,2,18
42,2021,1,2,19
43,2021,1,2,20
44,2021,1,2,21
45,2021,1,2,22
46,2021,1,2,23
47,2021,1,2,24
48,2021,1,3,1
49,2021,1,3,2
50,2021,1,3,3
51,2021,1,3,4
52,2021,1,3,5
53,2021,1,3,6
54,2021,1,3,7
55,2021,1,3,8
56,2021,1,3,9
57,2021,1,3,10
58,2021,1,3,11
59,2021,1,3,12
60,2021,1,3,13
61,2021,1,3,14
62,2021,1,3,15
63,2021,1,3,16
64,2021,1,3,17
65,2021,1,3,18
66,2021,1,3,19
67,2021,1,3,20
68,2021,1,3,21
69,2021,1,3,22
70,2021,1,3,23
71,2021,1,3,24
72,2021,1,4,1
73,2021,1,4,2
74,2021,1,4,3
75,2021,1,4,4
76,2021,1,4,5
77,2021,1,4,6
78,2021,1,4,7
79,2021,1,4,8
80,2021,1,4,9
81,2021,1,4,10
82,2021,1,4,11
83,2021,1,4,12
84,2021,1,4,13
85,2021,1,4,14
86,2021,1,4,15
87,2021,1,4,16
88,2021,1,4,17
89,2021,1,4,18
90,2021,1,4,19
91,2021,1,4,20
92,2021,1,4,21
93,2021,1,4,22
94,2021,1,4,23
95,2021,1,4,24
96,2021,1,5,1
97,2021,1,5,2
98,2021,1,5,3
99,2021,1,5,4
100,2021,1,5,5
101,2021,1,5,6
102,2021,1,5,7
103,2021,1,5,8
104,2021,1,5,9
105,2021,1,5,10
106,2021,1,5,11
107,2021,1,5,12
108,2021,1,5,13
109,2021,1,5,14
110,2021,1,5,15
111,2021,1,5,16
112,2021,1,5,17
113,2021,1,5,18
114,2021,1,5,19
115,2021,1,5,20
116,2021,1,5,21
117,2021,1,5,22
118,2021,1,5,23
119,2021,1,5,24
120,2021,1,6,1
121,2021,1,6,2
122,2021,1,6,3
123,2021,1,6,4
124,2021,1,6,5
125,2021,1,6,6
126,2021,1,6,7
127,2021,1,6,8
128,2021,1,6,9
129,2021,1,6,10
130,2021,1,6,11
131,2021,1,6,12
132,2021,1,6,13
133,2021,1,6,14
134,2021,1,6,15
135,2021,1,6,16
136,2021,1,6,17
137,2021,1,6,18
138,2021,1,6,19
139,2021,1,6,20
140,2021,1,6,21
141,2021,1,6,22
142,2021,1,6,23
143,2021,1,6,24
144,2021,1,7,1
145,2021,1,7,2
146,2021,1,7,3
147,2021,1,7,4
148,2021,1,7,5
149,2021,1,7,6
150,2021,1,7,7
151,2021,1,7,8
152,2021,1,7,9
153,2021,1,7,10
154,2021,1,7,11
155,2021,1,7,12
156,2021,1,7,13
157,2021,1,7,14
158,2021,1,7,15
159,2021,1,7,16
160,2021,1,7,17
161,2021,1,7,18
162,2021,1,7,19
163,2021,1,7,20
164,2021,1,7,21
165,2021,1,7,22
166,2021,1,7,23
167,2021,1,7,24
168,2021,2,1,1
169,2021,2,1,2
170,2021,2,1,3
171,2021,2,1,4
172,2021,2,1,5
173,2021,2,1,6
174,2021,2,1,7
175,2021,2,1,8
176,2021,2,1,9
177,2021,2,1,10
178,2021,2,1,11
179,2021,2,1,12
180,2021,2,1,13
181,2021,2,1,14
182,2021,2,1,15
183,2021,2,1,16
184,2021,2,1,17
185,2021,2,1,18
186,2021,2,1,19
187,2021,2,1,20
188,2021,2,1,21
189,2021,2,1,22
190,2021,2,1,23
191,2021,2,1,24
192,2021,2,2,1
193,2021,2,2,2
194,2021,2,2,3
195,2021,2,2,4
196,2021,2,2,5
197,2021,2,2,6
198,2021,2,2,7
199,2021,2,2,8
200,2021,2,2,9
201,2021,2,2,10
202,2021,2,2,11
203,2021,2,2,12
204,2021,2,2,13
205,2021,2,2,14
206,2021,2,2,15
207,2021,2,2,16
208,2021,2,2,17
209,2021,2,2,18
210,2021,2,2,19
211,2021,2,2,20
212,2021,2,2,21
213,2021,2,2,22
214,2021,2,2,23
215,2021,2,2,24
216,2021,2,3,1
217,2021,2,3,2
218,2021,2,3,3
219,2021,2,3,4
220,2021,2,3,5
221,2021,2,3,6
222,2021,2,3,7
223,2021,2,3,8
224,2021,2,3,9
225,2021,2,3,10
226,2021,2,3,11
227,2021,2,3,12
228,2021,2,3,13
229,2021,2,3,14
230,2021,2,3,15
231,2021,2,3,16
232,2021,2,3,17
233,2021,2,3,18
234,2021,2,3,19
235,2021,2,3,20
236,2021,2,3,21
237,2021,2,3,22
238,2021,2,3,23
239,2021,2,3,24
240,2021,2,4,1
241,2021,2,4,2
242,2021,2,4,3
243,2021,2,4,4
244,2021,2,4,5
245,2021,2,4,6
246,2021,2,4,7
247,2021,2,4,8
248,2021,2,4,9
249,2021,2,4,10
250,2021,2,4,11
251,2021,2,4,12
252,2021,2,4,13
253,2021,2,4,14
254,2021,2,4,15
255,2021,2,4,16
256,2021,2,4,17
257,2021,2,4,18
258,2021,2,4,19
259,2021,2,4,20
260,2021,2,4,21
261,2021,2,4,22
262,2021,2,4,23
263,2021,2,4,24
264,2021,2,5,1
265,2021,2,5,2
266,2021,2,5,3
267,2021,2,5,4
268,2021,2,5,5
269,2021,2,5,6
270,2021,2,5,7
271,2021,2,5,8
272,2021,2,5,9
273,2021,2,5,10
274,2021,2,5,11
275,2021,2,5,12
276,2021,2,5,13
277,2021,2,5,14
278,2021,2,5,15
279,2021,2,5,16
280,2021,2,5,17
281,2021,2,5,18
282,2021,2,5,19
283,2021,2,5,20
284,2021,2,5,21
285,2021,2,5,22
286,2021,2,5,23
287,2021,2,5,24
288,2021,2,6,1
289,2021,2,6,2
290,2021,2,6,3
291,2021,2,6,4
292,2021,2,6,5
293,2021,2,6,6
294,2021,2,6,7
295,2021,2,6,8
296,2021,2,6,9
297,2021,2,6,10
298,2021,2,6,11
299,2021,2,6,12
300,2021,2,6,13
301,2021,2,6,14
302,2021,2,6,15
303,2021,2,6,16
304,2021,2,6,17
305,2021,2,6,18
306,2021,2,6,19
307,2021,2,6,20
308,2021,2,6,21
309,2021,2,6,22
310,2021,2,6,23
311,2021,2,6,24
312,2021,2,7,1
313,2021,2,7,2
314,2021,2,7,3
315,2021,2,7,4
316,2021,2,7,5
317,2021,2,7,6
318,2021,2,7,7
319,2021,2,7,8
320,2021,2,7,9
321,2021,2,7,10
322,2021,2,7,11
323,2021,2,7,12
324,2021,2,7,13
325,2021,2,7,14
326,2021,2,7,15
327,2021,2,7,16
328,2021,2,7,17
329,2021,2,7,18
330,2021,2,7,19
331,2021,2,7,20
332,2021,2,7,21
333,2021,2,7,22
334,2021,2,7,23
335,2021,2,7,24
336,2021,3,1,1
337,2021,3,1,2
338,2021,3,1,3
339,2021,3,1,4
340,2021,3,1,5
341,2021,3,1,6
342,2021,3,1,7
343,2021,3,1,8
344,2021,3,1,9
345,2021,3,1,10
346,2021,3,1,11
347,2021,3,1,12
348,2021,3,1,13
349,2021,3,1,14
350,2021,3,1,15
351,2021,3,1,16
352,2021,3,1,17
353,2021,3,1,18
354,2021,3,1,19
355,2021,3,1,20
356,2021,3,1,21
357,2021,3,1,22
358,2021,3,1,23
359,2021,3,1,24
360,2021,3,2,1
361,2021,3,2,2
362,2021,3,2,3
363,2021,3,2,4
364,2021,3,2,5
365,2021,3,2,6
366,2021,3,2,7
367,2021,3,2,8
368,2021,3,2,9
369,2021,3,2,10
370,2021,3,2,11
371,2021,3,2,12
372,2021,3,2,13
373,2021,3,2,14
374,2021,3,2,15
375,2021,3,2,16
376,2021,3,2,17
377,2021,3,2,18
378,2021,3,2,19
379,2021,3,2,20
380,2021,3,2,21
381,2021,3,2,22
382,2021,3,2,23
383,2021,3,2,24
384,2021,3,3,1
385,2021,3,3,2
386,2021,3,3,3
387,2021,3,3,4
388,2021,3,3,5
389,2021,3,3,6
390,2021,3,3,7
391,2021,3,3,8
392,2021,3,3,9
393,2021,3,3,10
394,2021,3,3,11
395,2021,3,3,12
396,2021,3,3,13
397,2021,3,3,14
398,2021,3,3,15
399,2021,3,3,16
400,2021,3,3,17
401,2021,3,3,18
402,2021,3,3,19
403,2021,3,3,20
404,2021,3,3,21
405,2021,3,3,22
406,2021,3,3,23
407,2021,3,3,24
408,2021,3,4,1
409,2021,3,4,2
410,2021,3,4,3
411,2021,3,4,4
412,2021,3,4,5
413,2021,3,4,6
414,2021,3,4,7
415,2021,3,4,8
416,2021,3,4,9
417,2021,3,4,10
418,2021,3,4,11
419,2021,3,4,12
420,2021,3,4,13
421,2021,3,4,14
422,2021,3,4,15
423,2021,3,4,16
424,2021,3,4,17
425,2021,3,4,18
426,2021,3,4,19
427,2021,3,4,20
428,2021,3,4,21
429,2021,3,4,22
430,2021,3,4,23
431,2021,3,4,24
432,2021,3,5,1
433,2021,3,5,2
434,2021,3,5,3
435,2021,3,5,4
436,2021,3,5,5
437,2021,3,5,6
438,2021,3,5,7
439,2021,3,5,8
440,2021,3,5,9
441,2021,3,5,10
442,2021,3,5,11
443,2021,3,5,12
444,2021,3,5,13
445,2021,3,5,14
446,2021,3,5,15
447,2021,3,5,16
448,2021,3,5,17
449,2021,3,5,18
450,2021,3,5,19
451,2021,3,5,20
452,2021,3,5,21
453,2021,3,5,22
454,2021,3,5,23
455,2021,3,5,24
456,2021,3,6,1
457,2021,3,6,2
458,2021,3,6,3
459,2021,3,6,4
460,2021,3,6,5
461,2021,3,6,6
462,2021,3,6,7
463,2021,3,6,8
464,2021,3,6,9
465,2021,3,6,10
466,2021,3,6,11
467,2021,3,6,12
468,2021,3,6,13
469,2021,3,6,14
470,2021,3,6,15
471,2021,3,6,16
472,2021,3,6,17
473,2021,3,6,18
474,2021,3,6,19
475,2021,3,6,20
476,2021,3,6,21
477,2021,3,6,22
478,2021,3,6,23
479,2021,3,6,24
480,2021,3,7,1
481,2021,3,7,2
482,2021,3,7,3
483,2021,3,7,4
484,2021,3,7,5
485,2021,3,7,6
486,2021,3,7,7
487,2021,3,7,8
488,2021,3,7,9
489,2021,3,7,10
490,2021,3,7,11
491,2021,3,7,12
492,2021,3,7,13
493,2021,3,7,14
494,2021,3,7,15
495,2021,3,7,16
496,2021,3,7,17
497,2021,3,7,18
498,2021,3,7,19
499,2021,3,7,20
500,2021,3,7,21
501,2021,3,7,22
502,2021,3,7,23
503,2021,3,7,24
504,2021,4,1,1
505,2021,4,1,2
506,2021,4,1,3
507,2021,4,1,4
508,2021,4,1,5
509,2021,4,1,6
510,2021,4,1,7
511,2021,4,1,8
512,2021,4,1,9
513,2021,4,1,10
514,2021,4,1,11
515,2021,4,1,12
516,2021,4,1,13
517,2021,4,1,14
518,2021,4,1,15
519,2021,4,1,16
520,2021,4,1,17
521,2021,4,1,18
522,2021,4,1,19
523,2021,4,1,20
524,2021,4,1,21
525,2021,4,1,22
526,2021,4,1,23
527,2021,4,1,24
528,2021,4,2,1
529,2021,4,2,2
530,2021,4,2,3
531,2021,4,2,4
532,2021,4,2,5
533,2021,4,2,6
534,2021,4,2,7
535,2021,4,2,8
536,2021,4,2,9
537,2021,4,2,10
538,2021,4,2,11
539,2021,4,2,12
540,2021,4,2,13
541,2021,4,2,14
542,2021,4,2,15
543,2021,4,2,16
544,2021,4,2,17
545,2021,4,2,18
546,2021,4,2,19
547,2021,4,2,20
548,2021,4,2,21
549,2021,4,2,22
550,2021,4,2,23
551,2021,4,2,24
552,2021,4,3,1
553,2021,4,3,2
554,2021,4,3,3
555,2021,4,3,4
556,2021,4,3,5
557,2021,4,3,6
558,2021,4,3,7
559,2021,4,3,8
560,2021,4,3,9
561,2021,4,3,10
562,2021,4,3,11
563,2021,4,3,12
564,2021,4,3,13
565,2021,4,3,14
566,2021,4,3,15
567,2021,4,3,16
568,2021,4,3,17
569,2021,4,3,18
570,2021,4,3,19
571,2021,4,3,20
572,2021,4,3,21
573,2021,4,3,22
574,2021,4,3,23
575,2021,4,3,24
576,2021,4,4,1
577,2021,4,4,2
578,2021,4,4,3
579,2021,4,4,4
580,2021,4,4,5
581,2021,4,4,6
582,2021,4,4,7
583,2021,4,4,8
584,2021,4,4,9
585,2021,4,4,10
586,2021,4,4,11
587,2021,4,4,12
588,2021,4,4,13
589,2021,4,4,14
590,2021,4,4,15
591,2021,4,4,16
592,2021,4,4,17
593,2021,4,4,18
594,2021,4,4,19
595,2021,4,4,20
596,2021,4,4,21
597,2021,4,4,22
598,2021,4,4,23
599,2021,4,4,24
600,2021,4,5,1
601,2021,4,5,2
602,2021,4,5,3
603,2021,4,5,4
604,2021,4,5,5
605,2021,4,5,6
606,2021,4,5,7
607,2021,4,5,8
608,2021,4,5,9
609,2021,4,5,10
610,2021,4,5,11
611,2021,4,5,12
612,2021,4,5,13
613,2021,4,5,14
614,2021,4,5,15
615,2021,4,5,16
616,2021,4,5,17
617,2021,4,5,18
618,2021,4,5,19
619,2021,4,5,20
620,2021,4,5,21
621,2021,4,5,22
622,2021,4,5,23
623,2021,4,5,24
624,2021,4,6,1
625,2021,4,6,2
626,2021,4,6,3
627,2021,4,6,4
628,2021,4,6,5
629,2021,4,6,6
630,2021,4,6,7
631,2021,4,6,8
632,2021,4,6,9
633,2021,4,6,10
634,2021,4,6,11
635,2021,4,6,12
636,2021,4,6,13
637,2021,4,6,14
638,2021,4,6,15
639,2021,4,6,16
640,2021,4,6,17
641,2021,4,6,18
642,2021,4,6,19
643,2021,4,6,20
644,2021,4,6,21
645,2021,4,6,22
646,2021,4,6,23
647,2021,4,6,24
648,2021,4,7,1
649,2021,4,7,2
650,2021,4,7,3
651,2021,4,7,4
652,2021,4,7,5
653,2021,4,7,6
654,2021,4,7,7
655,2021,4,7,8
656,2021,4,7,9
657,2021,4,7,10
658,2021,4,7,11
659,2021,4,7,12
660,2021,4,7,13
661,2021,4,7,14
662,2021,4,7,15
663,2021,4,7,16
664,2021,4,7,17
665,2021,4,7,18
666,2021,4,7,19
667,2021,4,7,20
668,2021,4,7,21
669,2021,4,7,22
670,2021,4,7,23
671,2021,4,7,24
672,2021,5,1,1
673,2021,5,1,2
674,2021,5,1,3
675,2021,5,1,4
676,2021,5,1,5
677,2021,5,1,6
678,2021,5,1,7
679,2021,5,1,8
680,2021,5,1,9
681,2021,5,1,10
682,2021,5,1,11
683,2021,5,1,12
684,2021,5,1,13
685,2021,5,1,14
686,2021,5,1,15
687,2021,5,1,16
688,2021,5,1,17
689,2021,5,1,18
690,2021,5,1,19
691,2021,5,1,20
692,2021,5,1,21
693,2021,5,1,22
694,2021,5,1,23
695,2021,5,1,24
696,2021,5,2,1
697,2021,5,2,2
698,2021,5,2,3
699,2021,5,2,4
700,2021,5,2,5
701,2021,5,2,6
702,2021,5,2,7
703,2021,5,2,8
704,2021,5,2,9
705,2021,5,2,10
706,2021,5,2,11
707,2021,5,2,12
708,2021,5,2,13
709,2021,5,2,14
710,2021,5,2,15
711,2021,5,2,16
712,2021,5,2,17
713,2021,5,2,18
714,2021,5,2,19
715,2021,5,2,20
716,2021,5,2,21
717,2021,5,2,22
718,2021,5,2,23
719,2021,5,2,24
720,2021,5,3,1
721,2021,5,3,2
722,2021,5,3,3
723,2021,5,3,4
724,2021,5,3,5
725,2021,5,3,6
726,2021,5,3,7
727,2021,5,3,8
728,2021,5,3,9
729,2021,5,3,10
730,2021,5,3,11
731,2021,5,3,12
732,2021,5,3,13
733,2021,5,3,14
734,2021,5,3,15
735,2021,5,3,16
736,2021,5,3,17
737,2021,5,3,18
738,2021,5,3,19
739,2021,5,3,20
740,2021,5,3,21
741,2021,5,3,22
742,2021,5,3,23
743,2021,5,3,24
744,2021,5,4,1
745,2021,5,4,2
746,2021,5,4,3
747,2021,5,4,4
748,2021,5,4,5
749,2021,5,4,6
750,2021,5,4,7
751,2021,5,4,8
752,2021,5,4,9
753,2021,5,4,10
754,2021,5,4,11
755,2021,5,4,12
756,2021,5,4,13
757,2021,5,4,14
758,2021,5,4,15
759,2021,5,4,16
760,2021,5,4,17
761,2021,5,4,18
762,2021,5,4,19
763,2021,5,4,20
764,2021,5,4,21
765,2021,5,4,22
766,2021,5,4,23
767,2021,5,4,24
768,2021,5,5,1
769,2021,5,5,2
770,2021,5,5,3
771,2021,5,5,4
772,2021,5,5,5
773,2021,5,5,6
774,2021,5,5,7
775,2021,5,5,8
776,2021,5,5,9
777,2021,5,5,10
778,2021,5,5,11
779,2021,5,5,12
780,2021,5,5,13
781,2021,5,5,14
782,2021,5,5,15
783,2021,5,5,16
784,2021,5,5,17
785,2021,5,5,18
786,2021,5,5,19
787,2021,5,5,20
788,2021,5,5,21
789,2021,5,5,22
790,2021,5,5,23
791,2021,5,5,24
792,2021,5,6,1
793,2021,5,6,2
794,2021,5,6,3
795,2021,5,6,4
796,2021,5,6,5
797,2021,5,6,6
798,2021,5,6,7
799,2021,5,6,8
800,2021,5,6,9
801,2021,5,6,10
802,2021,5,6,11
803,2021,5,6,12
804,2021,5,6,13
805,2021,5,6,14
806,2021,5,6,15
807,2021,5,6,16
808,2021,5,6,17
809,2021,5,6,18
810,2021,5,6,19
811,2021,5,6,20
812,2021,5,6,21
813,2021,5,6,22
814,2021,5,6,23
815,2021,5,6,24
816,2021,5,7,1
817,2021,5,7,2
818,2021,5,7,3
819,2021,5,7,4
820,2021,5,7,5
821,2021,5,7,6
822,2021,5,7,7
823,2021,5,7,8
824,2021,5,7,9
825,2021,5,7,10
826,2021,5,7,11
827,2021,5,7,12
828,2021,5,7,13
829,2021,5,7,14
830,2021,5,7,15
831,2021,5,7,16
832,2021,5,7,17
833,2021,5,7,18
834,2021,5,7,19
835,2021,5,7,20
836,2021,5,7,21
837,2021,5,7,22
838,2021,5,7,23
839,2021,5,7,24
840,2021,6,1,1
841,2021,6,1,2
842,2021,6,1,3
843,2021,6,1,4
844,2021,6,1,5
845,2021,6,1,6
846,2021,6,1,7
847,2021,6,1,8
848,2021,6,1,9
849,2021,6,1,10
850,2021,6,1,11
851,2021,6,1,12
852,2021,6,1,13
853,2021,6,1,14
854,2021,6,1,15
855,2021,6,1,16
856,2021,6,1,17
857,2021,6,1,18
858,2021,6,1,19
859,2021,6,1,20
860,2021,6,1,21
861,2021,6,1,22
862,2021,6,1,23
863,2021,6,1,24
864,2021,6,2,1
865,2021,6,2,2
866,2021,6,2,3
867,2021,6,2,4
868,2021,6,2,5
869,2021,6,2,6
870,2021,6,2,7
871,2021,6,2,8
872,2021,6,2,9
873,2021,6,2,10
874,2021,6,2,11
875,2021,6,2,12
876,2021,6,2,13
877,2021,6,2,14
878,2021,6,2,15
879,2021,6,2,16
880,2021,6,2,17
881,2021,6,2,18
882,2021,6,2,19
883,2021,6,2,20
884,2021,6,2,21
885,2021,6,2,22
886,2021,6,2,23
887,2021,6,2,24
888,2021,6,3,1
889,2021,6,3,2
890,2021,6,3,3
891,2021,6,3,4
892,2021,6,3,5
893,2021,6,3,6
894,2021,6,3,7
895,2021,6,3,8
896,2021,6,3,9
897,2021,6,3,10
898,2021,6,3,11
899,2021,6,3,12
900,2021,6,3,13
901,2021,6,3,14
902,2021,6,3,15
903,2021,6,3,16
904,2021,6,3,17
905,2021,6,3,18
906,2021,6,3,19
907,2021,6,3,20
908,2021,6,3,21
909,2021,6,3,22
910,2021,6,3,23
911,2021,6,3,24
912,2021,6,4,1
913,2021,6,4,2
914,2021,6,4,3
915,2021,6,4,4
916,2021,6,4,5
917,2021,6,4,6
918,2021,6,4,7
919,2021,6,4,8
920,2021,6,4,9
921,2021,6,4,10
922,2021,6,4,11
923,2021,6,4,12
924,2021,6,4,13
925,2021,6,4,14
926,2021,6,4,15
927,2021,6,4,16
928,2021,6,4,17
929,2021,6,4,18
930,2021,6,4,19
931,2021,6,4,20
932,2021,6,4,21
933,2021,6,4,22
934,2021,6,4,23
935,2021,6,4,24
936,2021,6,5,1
937,2021,6,5,2
938,2021,6,5,3
939,2021,6,5,4
940,2021,6,5,5
941,2021,6,5,6
942,2021,6,5,7
943,2021,6,5,8
944,2021,6,5,9
945,2021,6,5,10
946,2021,6,5,11
947,2021,6,5,12
948,2021,6,5,13
949,2021,6,5,14
950,2021,6,5,15
951,2021,6,5,16
952,2021,6,5,17
953,2021,6,5,18
954,2021,6,5,19
955,2021,6,5,20
956,2021,6,5,21
957,2021,6,5,22
958,2021,6,5,23
959,2021,6,5,24
960,2021,6,6,1
961,2021,6,6,2
962,2021,6,6,3
963,2021,6,6,4
964,2021,6,6,5
965,2021,6,6,6
966,2021,6,6,7
967,2021,6,6,8
968,2021,6,6,9
969,2021,6,6,10
970,2021,6,6,11
971,2021,6,6,12
972,2021,6,6,13
973,2021,6,6,14
974,2021,6,6,15
975,2021,6,6,16
976,2021,6,6,17
977,2021,6,6,18
978,2021,6,6,19
979,2021,6,6,20
980,2021,6,6,21
981,2021,6,6,22
982,2021,6,6,23
983,2021,6,6,24
984,2021,6,7,1
985,2021,6,7,2
986,2021,6,7,3
987,2021,6,7,4
988,2021,6,7,5
989,2021,6,7,6
990,2021,6,7,7
991,2021,6,7,8
992,2021,6,7,9
993,2021,6,7,10
994,2021,6,7,11
995,2021,6,7,12
996,2021,6,7,13
997,2021,6,7,14
998,2021,6,7,15
999,2021,6,7,16
1000,2021,6,7,17
1001,2021,6,7,18
1002,2021,6,7,19
1003,2021,6,7,20
1004,2021,6,7,21
1005,2021,6,7,22
1006,2021,6,7,23
1007,2021,6,7,24
1008,2021,7,1,1
1009,2021,7,1,2
1010,2021,7,1,3
1011,2021,7,1,4
1012,2021,7,1,5
1013,2021,7,1,6
1014,2021,7,1,7
1015,2021,7,1,8
1016,2021,7,1,9
1017,2021,7,1,10
1018,2021,7,1,11
1019,2021,7,1,12
1020,2021,7,1,13
1021,2021,7,1,14
1022,2021,7,1,15
1023,2021,7,1,16
1024,2021,7,1,17
1025,2021,7,1,18
1026,2021,7,1,19
1027,2021,7,1,20
1028,2021,7,1,21
1029,2021,7,1,22
1030,2021,7,1,23
1031,2021,7,1,24
1032,2021,7,2,1
1033,2021,7,2,2
1034,2021,7,2,3
1035,2021,7,2,4
1036,2021,7,2,5
1037,2021,7,2,6
1038,2021,7,2,7
1039,2021,7,2,8
1040,2021,7,2,9
1041,2021,7,2,10
1042,2021,7,2,11
1043,2021,7,2,12
1044,2021,7,2,13
1045,2021,7,2,14
1046,2021,7,2,15
1047,2021,7,2,16
1048,2021,7,2,17
1049,2021,7,2,18
1050,2021,7,2,19
1051,2021,7,2,20
1052,2021,7,2,21
1053,2021,7,2,22
1054,2021,7,2,23
1055,2021,7,2,24
1056,2021,7,3,1
1057,2021,7,3,2
1058,2021,7,3,3
1059,2021,7,3,4
1060,2021,7,3,5
1061,2021,7,3,6
1062,2021,7,3,7
1063,2021,7,3,8
1064,2021,7,3,9
1065,2021,7,3,10
1066,2021,7,3,11
1067,2021,7,3,12
1068,2021,7,3,13
1069,2021,7,3,14
1070,2021,7,3,15
1071,2021,7,3,16
1072,2021,7,3,17
1073,2021,7,3,18
1074,2021,7,3,19
1075,2021,7,3,20
1076,2021,7,3,21
1077,2021,7,3,22
1078,2021,7,3,23
1079,2021,7,3,24
1080,2021,7,4,1
1081,2021,7,4,2
1082,2021,7,4,3
1083,2021,7,4,4
1084,2021,7,4,5
1085,2021,7,4,6
1086,2021,7,4,7
1087,2021,7,4,8
1088,2021,7,4,9
1089,2021,7,4,10
1090,2021,7,4,11
1091,2021,7,4,12
1092,2021,7,4,13
1093,2021,7,4,14
1094,2021,7,4,15
1095,2021,7,4,16
1096,2021,7,4,17
1097,2021,7,4,18
1098,2021,7,4,19
1099,2021,7,4,20
1100,2021,7,4,21
1101,2021,7,4,22
1102,2021,7,4,23
1103,2021,7,4,24
1104,2021,7,5,1
1105,2021,7,5,2
1106,2021,7,5,3
1107,2021,7,5,4
1108,2021,7,5,5
1109,2021,7,5,6
1110,2021,7,5,7
1111,2021,7,5,8
1112,2021,7,5,9
1113,2021,7,5,10
1114,2021,7,5,11
1115,2021,7,5,12
1116,2021,7,5,13
1117,2021,7,5,14
1118,2021,7,5,15
1119,2021,7,5,16
1120,2021,7,5,17
1121,2021,7,5,18
1122,2021,7,5,19
1123,2021,7,5,20
1124,2021,7,5,21
1125,2021,7,5,22
1126,2021,7,5,23
1127,2021,7,5,24
1128,2021,7,6,1
1129,2021,7,6,2
1130,2021,7,6,3
1131,2021,7,6,4
1132,2021,7,6,5
1133,2021,7,6,6
1134,2021,7,6,7
1135,2021,7,6,8
1136,2021,7,6,9
1137,2021,7,6,10
1138,2021,7,6,11
1139,2021,7,6,12
1140,2021,7,6,13
1141,2021,7,6,14
1142,2021,7,6,15
1143,2021,7,6,16
1144,2021,7,6,17
1145,2021,7,6,18
1146,2021,7,6,19
1147,2021,7,6,20
1148,2021,7,6,21
1149,2021,7,6,22
1150,2021,7,6,23
1151,2021,7,6,24
1152,2021,7,7,1
1153,2021,7,7,2
1154,2021,7,7,3
1155,2021,7,7,4
1156,2021,7,7,5
1157,2021,7,7,6
1158,2021,7,7,7
1159,2021,7,7,8
1160,2021,7,7,9
1161,2021,7,7,10
1162,2021,7,7,11
1163,2021,7,7,12
1164,2021,7,7,13
1165,2021,7,7,14
1166,2021,7,7,15
1167,2021,7,7,16
1168,2021,7,7,17
1169,2021,7,7,18
1170,2021,7,7,19
1171,2021,7,7,20
1172,2021,7,7,21
1173,2021,7,7,22
1174,2021,7,7,23
1175,2021,7,7,24
1176,2021,8,1,1
1177,2021,8,1,2
1178,2021,8,1,3
1179,2021,8,1,4
1180,2021,8,1,5
1181,2021,8,1,6
1182,2021,8,1,7
1183,2021,8,1,8
1184,2021,8,1,9
1185,2021,8,1,10
1186,2021,8,1,11
1187,2021,8,1,12
1188,2021,8,1,13
1189,2021,8,1,14
1190,2021,8,1,15
1191,2021,8,1,16
1192,2021,8,1,17
1193,2021,8,1,18
1194,2021,8,1,19
1195,2021,8,1,20
1196,2021,8,1,21
1197,2021,8,1,22
1198,2021,8,1,23
1199,2021,8,1,24
1200,2021,8,2,1
1201,2021,8,2,2
1202,2021,8,2,3
1203,2021,8,2,4
1204,2021,8,2,5
1205,2021,8,2,6
1206,2021,8,2,7
1207,2021,8,2,8
1208,2021,8,2,9
1209,2021,8,2,10
1210,2021,8,2,11
1211,2021,8,2,12
1212,2021,8,2,13
1213,2021,8,2,14
1214,2021,8,2,15
1215,2021,8,2,16
1216,2021,8,2,17
1217,2021,8,2,18
1218,2021,8,2,19
1219,2021,8,2,20
1220,2021,8,2,21
1221,2021,8,2,22
1222,2021,8,2,23
1223,2021,8,2,24
1224,2021,8,3,1
1225,2021,8,3,2
1226,2021,8,3,3
1227,2021,8,3,4
1228,2021,8,3,5
1229,2021,8,3,6
1230,2021,8,3,7
1231,2021,8,3,8
1232,2021,8,3,9
1233,2021,8,3,10
1234,2021,8,3,11
1235,2021,8,3,12
1236,2021,8,3,13
1237,2021,8,3,14
1238,2021,8,3,15
1239,2021,8,3,16
1240,2021,8,3,17
1241,2021,8,3,18
1242,2021,8,3,19
1243,2021,8,3,20
1244,2021,8,3,21
1245,2021,8,3,22
1246,2021,8,3,23
1247,2021,8,3,24
1248,2021,8,4,1
1249,2021,8,4,2
1250,2021,8,4,3
1251,2021,8,4,4
1252,2021,8,4,5
1253,2021,8,4,6
1254,2021,8,4,7
1255,2021,8,4,8
1256,2021,8,4,9
1257,2021,8,4,10
1258,2021,8,4,11
1259,2021,8,4,12
1260,2021,8,4,13
1261,2021,8,4,14
1262,2021,8,4,15
1263,2021,8,4,16
1264,2021,8,4,17
1265,2021,8,4,18
1266,2021,8,4,19
1267,2021,8,4,20
1268,2021,8,4,21
1269,2021,8,4,22
1270,2021,8,4,23
1271,2021,8,4,24
1272,2021,8,5,1
1273,2021,8,5,2
1274,2021,8,5,3
1275,2021,8,5,4
1276,2021,8,5,5
1277,2021,8,5,6
1278,2021,8,5,7
1279,2021,8,5,8
1280,2021,8,5,9
1281,2021,8,5,10
1282,2021,8,5,11
1283,2021,8,5,12
1284,2021,8,5,13
1285,2021,8,5,14
1286,2021,8,5,15
1287,2021,8,5,16
1288,2021,8,5,17
1289,2021,8,5,18
1290,2021,8,5,19
1291,2021,8,5,20
1292,2021,8,5,21
1293,2021,8,5,22
1294,2021,8,5,23
1295,2021,8,5,24
1296,2021,8,6,1
1297,2021,8,6,2
1298,2021,8,6,3
1299,2021,8,6,4
1300,2021,8,6,5
1301,2021,8,6,6
1302,2021,8,6,7
1303,2021,8,6,8
1304,2021,8,6,9
1305,2021,8,6,10
1306,2021,8,6,11
1307,2021,8,6,12
1308,2021,8,6,13
1309,2021,8,6,14
1310,2021,8,6,15
1311,2021,8,6,16
1312,2021,8,6,17
1313,2021,8,6,18
1314,2021,8,6,19
1315,2021,8,6,20
1316,2021,8,6,21
1317,2021,8,6,22
1318,2021,8,6,23
1319,2021,8,6,24
1320,2021,8,7,1
1321,2021,8,7,2
1322,2021,8,7,3
1323,2021,8,7,4
1324,2021,8,7,5
1325,2021,8,7,6
1326,2021,8,7,7
1327,2021,8,7,8
1328,2021,8,7,9
1329,2021,8,7,10
1330,2021,8,7,11
1331,2021,8,7,12
1332,2021,8,7,13
1333,2021,8,7,14
1334,2021,8,7,15
1335,2021,8,7,16
1336,2021,8,7,17
1337,2021,8,7,18
1338,2021,8,7,19
1339,2021,8,7,20
1340,2021,8,7,21
1341,2021,8,7,22
1342,2021,8,7,23
1343,2021,8,7,24
1344,2021,9,1,1
1345,2021,9,1,2
1346,2021,9,1,3
1347,2021,9,1,4
1348,2021,9,1,5
1349,2021,9,1,6
1350,2021,9,1,7
1351,2021,9,1,8
1352,2021,9,1,9
1353,2021,9,1,10
1354,2021,9,1,11
1355,2021,9,1,12
1356,2021,9,1,13
1357,2021,9,1,14
1358,2021,9,1,15
1359,2021,9,1,16
1360,2021,9,1,17
1361,2021,9,1,18
1362,2021,9,1,19
1363,2021,9,1,20
1364,2021,9,1,21
1365,2021,9,1,22
1366,2021,9,1,23
1367,2021,9,1,24
1368,2021,9,2,1
1369,2021,9,2,2
1370,2021,9,2,3
1371,2021,9,2,4
1372,2021,9,2,5
1373,2021,9,2,6
1374,2021,9,2,7
1375,2021,9,2,8
1376,2021,9,2,9
1377,2021,9,2,10
1378,2021,9,2,11
1379,2021,9,2,12
1380,2021,9,2,13
1381,2021,9,2,14
1382,2021,9,2,15
1383,2021,9,2,16
1384,2021,9,2,17
1385,2021,9,2,18
1386,2021,9,2,19
1387,2021,9,2,20
1388,2021,9,2,21
1389,2021,9,2,22
1390,2021,9,2,23
1391,2021,9,2,24
1392,2021,9,3,1
1393,2021,9,3,2
1394,2021,9,3,3
1395,2021,9,3,4
1396,2021,9,3,5
1397,2021,9,3,6
1398,2021,9,3,7
1399,2021,9,3,8
1400,2021,9,3,9
1401,2021,9,3,10
1402,2021,9,3,11
1403,2021,9,3,12
1404,2021,9,3,13
1405,2021,9,3,14
1406,2021,9,3,15
1407,2021,9,3,16
1408,2021,9,3,17
1409,2021,9,3,18
1410,2021,9,3,19
1411,2021,9,3,20
1412,2021,9,3,21
1413,2021,9,3,22
1414,2021,9,3,23
1415,2021,9,3,24
1416,2021,9,4,1
1417,2021,9,4,2
1418,2021,9,4,3
1419,2021,9,4,4
1420,2021,9,4,5
1421,2021,9,4,6
1422,2021,9,4,7
1423,2021,9,4,8
1424,2021,9,4,9
1425,2021,9,4,10
1426,2021,9,4,11
1427,2021,9,4,12
1428,2021,9,4,13
1429,2021,9,4,14
1430,2021,9,4,15
1431,2021,9,4,16
1432,2021,9,4,17
1433,2021,9,4,18
1434,2021,9,4,19
1435,2021,9,4,20
1436,2021,9,4,21
1437,2021,9,4,22
1438,2021,9,4,23
1439,2021,9,4,24
1440,2021,9,5,1
1441,2021,9,5,2
1442,2021,9,5,3
1443,2021,9,5,4
1444,2021,9,5,5
1445,2021,9,5,6
1446,2021,9,5,7
1447,2021,9,5,8
1448,2021,9,5,9
1449,2021,9,5,10
1450,2021,9,5,11
1451,2021,9,5,12
1452,2021,9,5,13
1453,2021,9,5,14
1454,2021,9,5,15
1455,2021,9,5,16
1456,2021,9,5,17
1457,2021,9,5,18
1458,2021,9,5,19
1459,2021,9,5,20
1460,2021,9,5,21
1461,2021,9,5,22
1462,2021,9,5,23
1463,2021,9,5,24
1464,2021,9,6,1
1465,2021,9,6,2
1466,2021,9,6,3
1467,2021,9,6,4
1468,2021,9,6,5
1469,2021,9,6,6
1470,2021,9,6,7
1471,2021,9,6,8
1472,2021,9,6,9
1473,2021,9,6,10
1474,2021,9,6,11
1475,2021,9,6,12
1476,2021,9,6,13
1477,2021,9,6,14
1478,2021,9,6,15
1479,2021,9,6,16
1480,2021,9,6,17
1481,2021,9,6,18
1482,2021,9,6,19
1483,2021,9,6,20
1484,2021,9,6,21
1485,2021,9,6,22
1486,2021,9,6,23
1487,2021,9,6,24
1488,2021,9,7,1
1489,2021,9,7,2
1490,2021,9,7,3
1491,2021,9,7,4
1492,2021,9,7,5
1493,2021,9,7,6
1494,2021,9,7,7
1495,2021,9,7,8
1496,2021,9,7,9
1497,2021,9,7,10
1498,2021,9,7,11
1499,2021,9,7,12
1500,2021,9,7,13
1501,2021,9,7,14
1502,2021,9,7,15
1503,2021,9,7,16
1504,2021,9,7,17
1505,2021,9,7,18
1506,2021,9,7,19
1507,2021,9,7,20
1508,2021,9,7,21
1509,2021,9,7,22
1510,2021,9,7,23
1511,2021,9,7,24
1512,2021,10,1,1
1513,2021,10,1,2
1514,2021,10,1,3
1515,2021,10,1,4
1516,2021,10,1,5
1517,2021,10,1,6
1518,2021,10,1,7
1519,2021,10,1,8
1520,2021,10,1,9
1521,2021,10,1,10
1522,2021,10,1,11
1523,2021,10,1,12
1524,2021,10,1,13
1525,2021,10,1,14
1526,2021,10,1,15
1527,2021,10,1,16
1528,2021,10,1,17
1529,2021,10,1,18
1530,2021,10,1,19
1531,2021,10,1,20
1532,2021,10,1,21
1533,2021,10,1,22
1534,2021,10,1,23
1535,2021,10,1,24
1536,2021,10,2,1
1537,2021,10,2,2
1538,2021,10,2,3
1539,2021,10,2,4
1540,2021,10,2,5
1541,2021,10,2,6
1542,2021,10,2,7
1543,2021,10,2,8
1544,2021,10,2,9
1545,2021,10,2,10
1546,2021,10,2,11
1547,2021,10,2,12
1548,2021,10,2,13
1549,2021,10,2,14
1550,2021,10,2,15
1551,2021,10,2,16
1552,2021,10,2,17
1553,2021,10,2,18
1554,2021,10,2,19
1555,2021,10,2,20
1556,2021,10,2,21
1557,2021,10,2,22
1558,2021,10,2,23
1559,2021,10,2,24
1560,2021,10,3,1
1561,2021,10,3,2
1562,2021,10,3,3
1563,2021,10,3,4
1564,2021,10,3,5
1565,2021,10,3,6
1566,2021,10,3,7
1567,2021,10,3,8
1568,2021,10,3,9
1569,2021,10,3,10
1570,2021,10,3,11
1571,2021,10,3,12
1572,2021,10,3,13
1573,2021,10,3,14
1574,2021,10,3,15
1575,2021,10,3,16
1576,2021,10,3,17
1577,2021,10,3,18
1578,2021,10,3,19
1579,2021,10,3,20
1580,2021,10,3,21
1581,2021,10,3,22
1582,2021,10,3,23
1583,2021,10,3,24
1584,2021,10,4,1
1585,2021,10,4,2
1586,2021,10,4,3
1587,2021,10,4,4
1588,2021,10,4,5
1589,2021,10,4,6
1590,2021,10,4,7
1591,2021,10,4,8
1592,2021,10,4,9
1593,2021,10,4,10
1594,2021,10,4,11
1595,2021,10,4,12
1596,2021,10,4,13
1597,2021,10,4,14
1598,2021,10,4,15
1599,2021,10,4,16
1600,2021,10,4,17
1601,2021,10,4,18
1602,2021,10,4,19
1603,2021,10,4,20
1604,2021,10,4,21
1605,2021,10,4,22
1606,2021,10,4,23
1607,2021,10,4,24
1608,2021,10,5,1
1609,2021,10,5,2
1610,2021,10,5,3
1611,2021,10,5,4
1612,2021,10,5,5
1613,2021,10,5,6
1614,2021,10,5,7
1615,2021,10,5,8
1616,2021,10,5,9
1617,2021,10,5,10
1618,2021,10,5,11
1619,2021,10,5,12
1620,2021,10,5,13
1621,2021,10,5,14
1622,2021,10,5,15
1623,2021,10,5,16
1624,2021,10,5,17
1625,2021,10,5,18
1626,2021,10,5,19
1627,2021,10,5,20
1628,2021,10,5,21
1629,2021,10,5,22
1630,2021,10,5,23
1631,2021,10,5,24
1632,2021,10,6,1
1633,2021,10,6,2
1634,2021,10,6,3
1635,2021,10,6,4
1636,2021,10,6,5
1637,2021,10,6,6
1638,2021,10,6,7
1639,2021,10,6,8
1640,2021,10,6,9
1641,2021,10,6,10
1642,2021,10,6,11
1643,2021,10,6,12
1644,2021,10,6,13
1645,2021,10,6,14
1646,2021,10,6,15
1647,2021,10,6,16
1648,2021,10,6,17
1649,2021,10,6,18
1650,2021,10,6,19
1651,2021,10,6,20
1652,2021,10,6,21
1653,2021,10,6,22
1654,2021,10,6,23
1655,2021,10,6,24
1656,2021,10,7,1
1657,2021,10,7,2
1658,2021,10,7,3
1659,2021,10,7,4
1660,2021,10,7,5
1661,2021,10,7,6
1662,2021,10,7,7
1663,2021,10,7,8
1664,2021,10,7,9
1665,2021,10,7,10
1666,2021,10,7,11
1667,2021,10,7,12
1668,2021,10,7,13
1669,2021,10,7,14
1670,2021,10,7,15
1671,2021,10,7,16
1672,2021,10,7,17
1673,2021,10,7,18
1674,2021,10,7,19
1675,2021,10,7,20
1676,2021,10,7,21
1677,2021,10,7,22
1678,2021,10,7,23
1679,2021,10,7,24
1680,2021,11,1,1
1681,2021,11,1,2
1682,2021,11,1,3
1683,2021,11,1,4
1684,2021,11,1,5
1685,2021,11,1,6
1686,2021,11,1,7
1687,2021,11,1,8
1688,2021,11,1,9
1689,2021,11,1,10
1690,2021,11,1,11
1691,2021,11,1,12
1692,2021,11,1,13
1693,2021,11,1,14
1694,2021,11,1,15
1695,2021,11,1,16
1696,2021,11,1,17
1697,2021,11,1,18
1698,2021,11,1,19
1699,2021,11,1,20
1700,2021,11,1,21
1701,2021,11,1,22
1702,2021,11,1,23
1703,2021,11,1,24
1704,2021,11,2,1
1705,2021,11,2,2
1706,2021,11,2,3
1707,2021,11,2,4
1708,2021,11,2,5
1709,2021,11,2,6
1710,2021,11,2,7
1711,2021,11,2,8
1712,2021,11,2,9
1713,2021,11,2,10
1714,2021,11,2,11
1715,2021,11,2,12
1716,2021,11,2,13
1717,2021,11,2,14
1718,2021,11,2,15
1719,2021,11,2,16
1720,2021,11,2,17
1721,2021,11,2,18
1722,2021,11,2,19
1723,2021,11,2,20
1724,2021,11,2,21
1725,2021,11,2,22
1726,2021,11,2,23
1727,2021,11,2,24
1728,2021,11,3,1
1729,2021,11,3,2
1730,2021,11,3,3
1731,2021,11,3,4
1732,2021,11,3,5
1733,2021,11,3,6
1734,2021,11,3,7
1735,2021,11,3,8
1736,2021,11,3,9
1737,2021,11,3,10
1738,2021,11,3,11
1739,2021,11,3,12
1740,2021,11,3,13
1741,2021,11,3,14
1742,2021,11,3,15
1743,2021,11,3,16
1744,2021,11,3,17
1745,2021,11,3,18
1746,2021,11,3,19
1747,2021,11,3,20
1748,2021,11,3,21
1749,2021,11,3,22
1750,2021,11,3,23
1751,2021,11,3,24
1752,2021,11,4,1
1753,2021,11,4,2
1754,2021,11,4,3
1755,2021,11,4,4
1756,2021,11,4,5
1757,2021,11,4,6
1758,2021,11,4,7
1759,2021,11,4,8
1760,2021,11,4,9
1761,2021,11,4,10
1762,2021,11,4,11
1763,2021,11,4,12
1764,2021,11,4,13
1765,2021,11,4,14
1766,2021,11,4,15
1767,2021,11,4,16
1768,2021,11,4,17
1769,2021,11,4,18
1770,2021,11,4,19
1771,2021,11,4,20
1772,2021,11,4,21
1773,2021,11,4,22
1774,2021,11,4,23
1775,2021,11,4,24
1776,2021,11,5,1
1777,2021,11,5,2
1778,2021,11,5,3
1779,2021,11,5,4
1780,2021,11,5,5
1781,2021,11,5,6
1782,2021,11,5,7
1783,2021,11,5,8
1784,2021,11,5,9
1785,2021,11,5,10
1786,2021,11,5,11
1787,2021,11,5,12
1788,2021,11,5,13
1789,2021,11,5,14
1790,2021,11,5,15
1791,2021,11,5,16
1792,2021,11,5,17
1793,2021,11,5,18
1794,2021,11,5,19
1795,2021,11,5,20
1796,2021,11,5,21
1797,2021,11,5,22
1798,2021,11,5,23
1799,2021,11,5,24
1800,2021,11,6,1
1801,2021,11,6,2
1802,2021,11,6,3
1803,2021,11,6,4
1804,2021,11,6,5
1805,2021,11,6,6
1806,2021,11,6,7
1807,2021,11,6,8
1808,2021,11,6,9
1809,2021,11,6,10
1810,2021,11,6,11
1811,2021,11,6,12
1812,2021,11,6,13
1813,2021,11,6,14
1814,2021,11,6,15
1815,2021,11,6,16
1816,2021,11,6,17
1817,2021,11,6,18
1818,2021,11,6,19
1819,2021,11,6,20
1820,2021,11,6,21
1821,2021,11,6,22
1822,2021,11,6,23
1823,2021,11,6,24
1824,2021,11,7,1
1825,2021,11,7,2
1826,2021,11,7,3
1827,2021,11,7,4
1828,2021,11,7,5
1829,2021,11,7,6
1830,2021,11,7,7
1831,2021,11,7,8
1832,2021,11,7,9
1833,2021,11,7,10
1834,2021,11,7,11
1835,2021,11,7,12
1836,2021,11,7,13
1837,2021,11,7,14
1838,2021,11,7,15
1839,2021,11,7,16
1840,2021,11,7,17
1841,2021,11,7,18
1842,2021,11,7,19
1843,2021,11,7,20
1844,2021,11,7,21
1845,2021,11,7,22
1846,2021,11,7,23
1847,2021,11,7,24
1848,2021,12,1,1
1849,2021,12,1,2
1850,2021,12,1,3
1851,2021,12,1,4
1852,2021,12,1,5
1853,2021,12,1,6
1854,2021,12,1,7
1855,2021,12,1,8
1856,2021,12,1,9
1857,2021,12,1,10
1858,2021,12,1,11
1859,2021,12,1,12
1860,2021,12,1,13
1861,2021,12,1,14
1862,2021,12,1,15
1863,2021,12,1,16
1864,2021,12,1,17
1865,2021,12,1,18
1866,2021,12,1,19
1867,2021,12,1,20
1868,2021,12,1,21
1869,2021,12,1,22
1870,2021,12,1,23
1871,2021,12,1,24
1872,2021,12,2,1
1873,2021,12,2,2
1874,2021,12,2,3
1875,2021,12,2,4
1876,2021,12,2,5
1877,2021,12,2,6
1878,2021,12,2,7
1879,2021,12,2,8
1880,2021,12,2,9
1881,2021,12,2,10
1882,2021,12,2,11
1883,2021,12,2,12
1884,2021,12,2,13
1885,2021,12,2,14
1886,2021,12,2,15
1887,2021,12,2,16
1888,2021,12,2,17
1889,2021,12,2,18
1890,2021,12,2,19
1891,2021,12,2,20
1892,2021,12,2,21
1893,2021,12,2,22
1894,2021,12,2,23
1895,2021,12,2,24
1896,2021,12,3,1
1897,2021,12,3,2
1898,2021,12,3,3
1899,2021,12,3,4
1900,2021,12,3,5
1901,2021,12,3,6
1902,2021,12,3,7
1903,2021,12,3,8
1904,2021,12,3,9
1905,2021,12,3,10
1906,2021,12,3,11
1907,2021,12,3,12
1908,2021,12,3,13
1909,2021,12,3,14
1910,2021,12,3,15
1911,2021,12,3,16
1912,2021,12,3,17
1913,2021,12,3,18
1914,2021,12,3,19
1915,2021,12,3,20
1916,2021,12,3,21
1917,2021,12,3,22
1918,2021,12,3,23
1919,2021,12,3,24
1920,2021,12,4,1
1921,2021,12,4,2
1922,2021,12,4,3
1923,2021,12,4,4
1924,2021,12,4,5
1925,2021,12,4,6
1926,2021,12,4,7
1927,2021,12,4,8
1928,2021,12,4,9
1929,2021,12,4,10
1930,2021,12,4,11
1931,2021,12,4,12
1932,2021,12,4,13
1933,2021,12,4,14
1934,2021,12,4,15
1935,2021,12,4,16
1936,2021,12,4,17
1937,2021,12,4,18
1938,2021,12,4,19
1939,2021,12,4,20
1940,2021,12,4,21
1941,2021,12,4,22
1942,2021,12,4,23
1943,2021,12,4,24
1944,2021,12,5,1
1945,2021,12,5,2
1946,2021,12,5,3
1947,2021,12,5,4
1948,2021,12,5,5
1949,2021,12,5,6
1950,2021,12,5,7
1951,2021,12,5,8
1952,2021,12,5,9
1953,2021,12,5,10
1954,2021,12,5,11
1955,2021,12,5,12
1956,2021,12,5,13
1957,2021,12,5,14
1958,2021,12,5,15
1959,2021,12,5,16
1960,2021,12,5,17
1961,2021,12,5,18
1962,2021,12,5,19
1963,2021,12,5,20
1964,2021,12,5,21
1965,2021,12,5,22
1966,2021,12,5,23
1967,2021,12,5,24
1968,2021,12,6,1
1969,2021,12,6,2
1970,2021,12,6,3
1971,2021,12,6,4
1972,2021,12,6,5
1973,2021,12,6,6
1974,2021,12,6,7
1975,2021,12,6,8
1976,2021,12,6,9
1977,2021,12,6,10
1978,2021,12,6,11
1979,2021,12,6,12
1980,2021,12,6,13
1981,2021,12,6,14
1982,2021,12,6,15
1983,2021,12,6,16
1984,2021,12,6,17
1985,2021,12,6,18
1986,2021,12,6,19
1987,2021,12,6,20
1988,2021,12,6,21
1989,2021,12,6,22
1990,2021,12,6,23
1991,2021,12,6,24
1992,2021,12,7,1
1993,2021,12,7,2
1994,2021,12,7,3
1995,2021,12,7,4
1996,2021,12,7,5
1997,2021,12,7,6
1998,2021,12,7,7
1999,2021,12,7,8
2000,2021,12,7,9
2001,2021,12,7,10
2002,2021,12,7,11
2003,2021,12,7,12
2004,2021,12,7,13
2005,2021,12,7,14
2006,2021,12,7,15
2007,2021,12,7,16
2008,2021,12,7,17
2009,2021,12,7,18
2010,2021,12,7,19
2011,2021,12,7,20
2012,2021,12,7,21
2013,2021,12,7,22
2014,2021,12,7,23
2015,2021,12,7,24
